,,,,
PROFESSIONAL SERVICES – ACTIVITY SUMMARY,,,,
Star Energy CEMS — Carbon & Energy Management System,,,,
Consultant: Abhishek  |  Phase: Pre-Implementation  |  Status: Completed,,,,
,,,,
#,Activity / Deliverable,Description,Category,Hours
1,Client Discovery Meetings,"Initial stakeholder meetings, requirement walkthroughs, scope discussions, and alignment sessions",Meetings,15
2,Requirements Analysis & Domain Study,"Deep-dive into CEMS domain, carbon accounting standards, energy monitoring requirements, and regulatory context",Analysis,8
3,Scope of Work Review & Mapping,Reviewed and interpreted client SOW document; mapped functional areas to technical capabilities,Analysis,4
4,Product Requirements Document (PRD),"Created comprehensive PRD covering functional requirements, user personas, acceptance criteria, and success metrics",Planning,10
5,Technical Architecture Design,"Designed system architecture including Azure cloud infrastructure, microservices, data flows, and integration patterns",Planning,10
6,UX Design Specifications,"Defined UX patterns, screen flows, component library guidance, and accessibility requirements",Planning,5
7,First level Epics & User Stories Breakdown,Decomposed PRD into implementation epics and granular user stories with acceptance criteria,Planning,6
8,AI-Assisted Development Framework Setup,"Configured BMAD toolchain, agent personas, workflow pipelines, and project knowledge base",Setup,4
9,Project Documentation & Knowledge Base,"Structured project context, decision logs, and reference materials for the development team",Documentation,3
,,,,
TOTAL HOURS INVESTED (till Mar’2026),,,,65
,,,,
NOTES,,,,
• All activities listed above are pre-implementation phase deliverables.,,,,
• Hours represent actual effort invested; no overhead or padding included.,,,,
"• Deliverables include: PRD, Architecture Document, UX Specifications, and Epics & Stories.",,,,
• This summary covers work completed prior to sprint execution and development kickoff.,,,,
,,,,
Prepared by Abhishek  |  Star Energy CEMS Engagement  |  Confidential,,,,